frame_index,timestamp_seconds,track_id,class_id,class_name,confidence,x1,y1,x2,y2,center_x,center_y,width,height
0,0.0,1,2,car,0.687903,182.772,107.511,214.268,136.66,198.52,122.085,31.496,29.149
0,0.0,2,2,car,0.539573,88.148,166.979,115.169,190.935,101.658,178.957,27.021,23.957
0,0.0,3,2,car,0.536783,319.531,139.197,345.843,155.097,332.687,147.147,26.312,15.9
0,0.0,4,2,car,0.408307,317.529,170.076,359.459,194.921,338.494,182.498,41.93,24.845
1,0.04,1,2,car,0.814055,181.961,107.823,212.953,136.489,197.457,122.156,30.992,28.666
1,0.04,2,2,car,0.3416,88.695,167.189,116.695,192.032,102.695,179.611,27.999,24.843
1,0.04,3,2,car,0.451536,316.513,138.312,344.137,155.034,330.325,146.673,27.623,16.722
2,0.08,1,2,car,0.793714,181.401,107.686,212.169,136.141,196.785,121.914,30.768,28.455
2,0.08,2,2,car,0.446943,90.429,169.467,116.959,193.005,103.694,181.236,26.531,23.538
2,0.08,5,2,car,0.551985,664.745,204.684,753.644,243.788,709.195,224.236,88.899,39.104
3,0.12,1,2,car,0.721307,180.869,107.706,211.113,135.659,195.991,121.683,30.244,27.954
3,0.12,2,2,car,0.494633,92.016,171.834,117.176,194.11,104.596,182.972,25.16,22.276
3,0.12,5,2,car,0.565243,648.218,200.882,737.555,240.08,692.887,220.481,89.337,39.198
3,0.12,7,2,car,0.410524,103.389,143.837,122.671,156.406,113.03,150.121,19.282,12.569
4,0.16,1,2,car,0.483232,180.583,108.418,209.351,134.912,194.967,121.665,28.768,26.493
4,0.16,2,2,car,0.404265,91.829,172.759,120.067,197.745,105.948,185.252,28.238,24.985
4,0.16,5,2,car,0.649422,629.061,196.731,719.877,236.526,674.469,216.629,90.815,39.795
4,0.16,7,2,car,0.381874,103.185,143.961,123.711,157.355,113.448,150.658,20.525,13.394
5,0.2,1,2,car,0.492811,179.621,108.733,207.824,134.658,193.722,121.696,28.203,25.925
5,0.2,5,2,car,0.648142,615.371,195.355,699.922,232.254,657.646,213.804,84.551,36.899
6,0.24,1,2,car,0.430485,178.911,108.989,206.311,134.151,192.611,121.57,27.399,25.162
6,0.24,5,2,car,0.71076,602.948,195.141,678.12,227.622,640.534,211.381,75.172,32.482
6,0.24,12,2,car,0.585175,302.992,136.779,324.648,150.652,313.82,143.716,21.656,13.873
6,0.24,2,2,car,0.665656,94.85,176.283,123.252,201.265,109.051,188.774,28.402,24.981
7,0.28,12,2,car,0.504931,301.39,136.361,321.331,149.073,311.361,142.717,19.941,12.713
7,0.28,2,2,car,0.684992,96.86,178.526,124.384,202.569,110.622,190.547,27.524,24.043
7,0.28,7,2,car,0.33131,105.601,146.514,126.061,159.915,115.831,153.214,20.46,13.401
8,0.32,12,2,car,0.556428,299.972,136.868,317.416,147.862,308.694,142.365,17.444,10.994
8,0.32,2,2,car,0.691629,97.451,179.062,126.366,204.291,111.909,191.677,28.915,25.229
8,0.32,7,2,car,0.285847,106.688,146.64,126.678,159.788,116.683,153.214,19.99,13.148
8,0.32,1,2,car,0.491496,176.936,109.622,202.545,132.979,189.74,121.301,25.609,23.358
8,0.32,5,2,car,0.49927,569.807,185.844,650.782,220.918,610.294,203.381,80.976,35.074
9,0.36,12,2,car,0.370042,300.039,137.965,314.678,147.099,307.358,142.532,14.638,9.134
9,0.36,2,2,car,0.658413,97.772,179.821,128.069,206.3,112.921,193.06,30.298,26.479
9,0.36,7,2,car,0.369852,107.208,147.327,127.897,161.033,117.553,154.18,20.69,13.706
9,0.36,1,2,car,0.44421,176.115,109.682,201.24,132.398,188.678,121.04,25.125,22.716
9,0.36,5,2,car,0.386546,556.783,183.255,634.47,216.755,595.627,200.005,77.687,33.501
10,0.4,2,2,car,0.586812,99.408,181.573,129.701,207.778,114.555,194.675,30.293,26.205
10,0.4,7,2,car,0.512762,107.287,147.706,129.676,162.712,118.482,155.209,22.389,15.006
10,0.4,1,2,car,0.267783,174.626,109.665,199.377,131.822,187.002,120.744,24.751,22.157
11,0.44,2,2,car,0.511954,100.524,183.286,132.629,210.875,116.576,197.081,32.105,27.589
11,0.44,7,2,car,0.31069,108.361,148.509,131.068,163.85,119.714,156.18,22.707,15.34
11,0.44,5,2,car,0.257841,532.392,178.28,606.863,210.42,569.628,194.35,74.472,32.141
12,0.48,2,2,car,0.270975,102.277,185.622,134.354,213.026,118.315,199.324,32.077,27.404
12,0.48,7,2,car,0.367005,109.833,149.71,131.671,164.466,120.752,157.088,21.838,14.757
12,0.48,1,2,car,0.270368,171.202,109.307,196.159,131.502,183.681,120.405,24.958,22.194
13,0.52,2,2,car,0.381358,104.541,188.322,135.977,214.911,120.259,201.616,31.436,26.589
13,0.52,7,2,car,0.392164,110.4,149.658,133.0,165.013,121.7,157.335,22.6,15.355
13,0.52,24,2,car,0.418967,255.568,148.619,290.866,170.255,273.217,159.437,35.298,21.636
13,0.52,1,2,car,0.392732,172.516,110.417,195.494,130.984,184.005,120.701,22.978,20.567
14,0.56,2,2,car,0.453654,106.395,189.985,137.22,215.826,121.808,202.905,30.825,25.841
14,0.56,7,2,car,0.348393,111.234,150.835,133.517,166.007,122.376,158.421,22.282,15.173
15,0.6,2,2,car,0.55399,107.339,191.732,140.23,219.045,123.785,205.388,32.892,27.313
15,0.6,7,2,car,0.387373,111.636,151.352,134.032,166.647,122.834,159.0,22.395,15.295
15,0.6,29,2,car,0.427673,280.633,132.003,301.345,144.166,290.989,138.084,20.712,12.163
15,0.6,24,2,car,0.439849,249.021,147.883,281.216,167.626,265.118,157.754,32.195,19.743
15,0.6,1,2,car,0.254468,169.519,110.454,192.669,130.979,181.094,120.716,23.15,20.525
16,0.64,2,2,car,0.4599,108.634,193.827,143.672,222.726,126.153,208.277,35.037,28.899
16,0.64,7,2,car,0.279388,113.552,152.633,134.981,167.155,124.266,159.894,21.429,14.522
16,0.64,29,2,car,0.373956,279.761,132.379,298.491,143.345,289.126,137.862,18.731,10.966
16,0.64,33,2,car,0.674533,336.998,161.373,378.144,185.203,357.571,173.288,41.146,23.83
16,0.64,1,2,car,0.322742,167.76,109.431,191.744,130.657,179.752,120.044,23.984,21.225
17,0.68,2,2,car,0.536836,110.163,195.917,146.481,225.74,128.322,210.829,36.318,29.823
17,0.68,7,2,car,0.46733,115.047,153.427,136.573,167.999,125.81,160.713,21.526,14.572
17,0.68,29,2,car,0.32456,278.588,132.644,295.544,142.513,287.066,137.579,16.955,9.868
17,0.68,33,2,car,0.577099,330.753,159.709,372.576,183.978,351.665,171.843,41.823,24.269
17,0.68,1,2,car,0.384397,166.976,109.378,190.455,130.052,178.716,119.715,23.479,20.673
17,0.68,24,2,car,0.315003,243.513,147.193,271.92,164.556,257.717,155.874,28.407,17.362
18,0.72,7,2,car,0.522919,115.311,153.482,138.318,169.158,126.814,161.32,23.007,15.676
18,0.72,29,2,car,0.433144,276.019,131.506,293.814,141.781,284.916,136.643,17.795,10.275
18,0.72,1,2,car,0.259947,165.989,108.987,189.429,129.5,177.709,119.243,23.439,20.513
18,0.72,24,2,car,0.412517,239.267,145.766,267.812,163.218,253.539,154.492,28.546,17.451
19,0.76,7,2,car,0.537652,115.637,153.992,140.028,170.75,127.833,162.371,24.391,16.758
19,0.76,29,2,car,0.412529,274.286,131.849,290.924,141.375,282.605,136.612,16.637,9.526
19,0.76,1,2,car,0.264389,166.076,110.745,187.333,128.818,176.704,119.781,21.257,18.073
19,0.76,24,2,car,0.45504,235.013,143.62,264.478,161.73,249.745,152.675,29.465,18.11
19,0.76,36,2,car,0.536712,596.802,236.908,723.228,273.734,660.015,255.321,126.425,36.826
19,0.76,2,2,car,0.313795,112.833,198.981,153.05,232.003,132.942,215.492,40.217,33.022
19,0.76,33,2,car,0.344019,321.721,158.398,360.47,180.879,341.095,169.638,38.749,22.48
20,0.8,7,2,car,0.579427,116.572,154.627,141.612,171.943,129.092,163.285,25.04,17.316
20,0.8,29,2,car,0.524919,271.724,131.688,288.237,141.054,279.981,136.371,16.513,9.365
20,0.8,1,2,car,0.343244,166.025,112.076,185.925,128.428,175.975,120.252,19.9,16.352
20,0.8,24,2,car,0.494964,232.564,142.864,261.505,160.698,247.034,151.781,28.941,17.834
20,0.8,36,2,car,0.578332,578.082,232.091,705.422,269.327,641.752,250.709,127.341,37.235
20,0.8,2,2,car,0.332009,114.655,201.336,155.802,235.236,135.228,218.286,41.147,33.9
21,0.84,7,2,car,0.560667,117.244,155.313,143.538,173.618,130.391,164.465,26.293,18.305
21,0.84,29,2,car,0.505976,269.729,130.99,287.188,140.865,278.459,135.928,17.459,9.876
21,0.84,24,2,car,0.611322,230.659,142.774,258.211,159.761,244.435,151.268,27.551,16.987
21,0.84,36,2,car,0.368633,562.083,227.615,683.01,263.126,622.546,245.371,120.928,35.511
21,0.84,33,2,car,0.312574,309.923,154.705,349.371,177.742,329.647,166.223,39.448,23.037
22,0.88,7,2,car,0.503138,118.524,156.063,144.731,174.461,131.628,165.262,26.207,18.399
22,0.88,29,2,car,0.425245,267.095,130.214,286.366,141.107,276.731,135.661,19.271,10.893
22,0.88,24,2,car,0.733434,229.028,142.679,254.873,158.56,241.951,150.619,25.845,15.881
22,0.88,36,2,car,0.330389,542.748,222.149,662.293,257.515,602.521,239.832,119.544,35.365
22,0.88,33,2,car,0.423524,305.939,153.495,343.407,175.486,324.673,164.49,37.468,21.991
22,0.88,2,2,car,0.384015,117.902,205.165,162.326,241.992,140.114,223.579,44.424,36.827
23,0.92,7,2,car,0.373879,119.388,156.432,145.816,175.174,132.602,165.803,26.429,18.742
23,0.92,29,2,car,0.494769,264.777,129.824,284.16,140.694,274.468,135.259,19.382,10.871
23,0.92,24,2,car,0.265446,227.936,142.507,251.708,157.156,239.822,149.832,23.772,14.649
23,0.92,33,2,car,0.563718,301.251,152.519,337.423,173.765,319.337,163.142,36.172,21.246
23,0.92,2,2,car,0.295272,121.127,208.137,164.466,243.89,142.796,226.013,43.34,35.753
24,0.96,7,2,car,0.34698,119.104,156.772,147.461,177.016,133.283,166.894,28.357,20.244
24,0.96,29,2,car,0.661471,262.616,129.418,281.939,140.241,272.278,134.829,19.323,10.823
24,0.96,33,2,car,0.466986,297.297,151.188,332.66,172.097,314.978,161.642,35.364,20.908
24,0.96,36,2,car,0.5283,486.362,203.399,633.67,247.672,560.016,225.535,147.309,44.272
25,1.0,7,2,car,0.411563,121.107,158.547,148.646,178.272,134.877,168.409,27.54,19.725
25,1.0,29,2,car,0.599841,261.142,129.546,279.542,139.851,270.342,134.698,18.4,10.305
25,1.0,33,2,car,0.374473,293.623,150.129,326.838,169.826,310.231,159.978,33.215,19.698
25,1.0,45,2,car,0.718844,422.876,160.98,465.827,181.074,444.352,171.027,42.952,20.094
25,1.0,36,2,car,0.526506,475.84,200.415,616.909,243.61,546.375,222.013,141.069,43.194
25,1.0,2,2,car,0.399733,126.456,214.016,173.737,252.703,150.097,233.359,47.28,38.687
26,1.04,7,2,car,0.457383,122.574,159.065,150.693,179.333,136.634,169.199,28.119,20.268
26,1.04,29,2,car,0.565875,259.521,129.273,277.046,139.034,268.283,134.153,17.526,9.761
26,1.04,33,2,car,0.493699,290.793,149.32,322.109,167.889,306.451,158.604,31.316,18.569
26,1.04,45,2,car,0.771864,417.963,161.111,458.798,180.19,438.38,170.651,40.835,19.079
26,1.04,36,2,car,0.535159,472.874,199.089,598.826,238.494,535.85,218.792,125.953,39.404
26,1.04,2,2,car,0.666516,127.211,215.888,178.324,258.145,152.767,237.017,51.113,42.257
27,1.08,7,2,car,0.701886,123.767,159.145,152.603,180.091,138.185,169.618,28.836,20.946
27,1.08,29,2,car,0.492736,257.221,128.316,275.549,138.556,266.385,133.436,18.329,10.239
27,1.08,33,2,car,0.43017,286.768,148.29,317.517,166.508,302.142,157.399,30.749,18.219
27,1.08,45,2,car,0.550334,410.945,160.884,449.247,178.753,430.096,169.819,38.301,17.869
27,1.08,2,2,car,0.793935,128.924,217.256,182.945,262.045,155.935,239.65,54.021,44.79
27,1.08,46,2,car,0.377744,157.874,105.717,182.132,126.781,170.003,116.249,24.258,21.064
28,1.12,7,2,car,0.733374,124.803,159.85,153.847,181.105,139.325,170.477,29.044,21.255
28,1.12,29,2,car,0.512413,256.087,128.07,273.699,137.841,264.893,132.955,17.611,9.772
28,1.12,33,2,car,0.551403,282.758,147.149,313.179,165.187,297.968,156.168,30.421,18.038
28,1.12,45,2,car,0.461604,402.567,156.987,444.316,176.529,423.441,166.758,41.749,19.542
28,1.12,2,2,car,0.490106,131.675,220.541,186.85,266.427,159.263,243.484,55.175,45.887
28,1.12,46,2,car,0.370074,157.747,106.046,181.19,126.351,169.468,116.199,23.443,20.305
28,1.12,24,2,car,0.277911,213.595,137.332,238.213,152.628,225.904,144.98,24.618,15.296
29,1.16,7,2,car,0.65544,125.641,160.638,155.541,182.727,140.591,171.682,29.9,22.089
29,1.16,29,2,car,0.478112,255.086,127.669,271.667,136.811,263.377,132.24,16.581,9.142
29,1.16,33,2,car,0.338048,279.127,145.992,309.231,163.837,294.179,154.915,30.104,17.844
29,1.16,45,2,car,0.515562,396.716,156.5,437.347,175.508,417.031,166.004,40.631,19.008
29,1.16,2,2,car,0.697567,134.345,223.874,191.376,271.517,162.86,247.696,57.03,47.643
29,1.16,46,2,car,0.34616,156.91,105.855,179.778,125.579,168.344,115.717,22.868,19.724
